{
    "NPS_akan": {
        "name": "阿寒",
        "size": 0.8,
        "top": 43.727696,
        "right": 144.669091,
        "bottom": 43.350097,
        "left": 143.913115
    },
    "NPS_ashizuriuwakai": {
        "name": "足摺宇和海",
        "size": 1.81,
        "top": 33.339303,
        "right": 133.036692,
        "bottom": 32.69386,
        "left": 132.248376
    },
    "NPS_asokuju": {
        "name": "阿蘇くじゅう",
        "size": 2.55,
        "top": 33.310982,
        "right": 131.470309,
        "bottom": 32.783724,
        "left": 130.920195
    },
    "NPS_bandaiasahi": {
        "name": "磐梯朝日",
        "size": 1.62,
        "top": 38.711394,
        "right": 140.367959,
        "bottom": 37.41137,
        "left": 139.49929
    },
    "NPS_chichibutama": {
        "name": "秩父多摩",
        "size": 1.89,
        "top": 36.038832,
        "right": 139.228927,
        "bottom": 35.689177,
        "left": 138.495846
    },
    "NPS_chubusangaku": {
        "name": "中部山岳",
        "size": 0.91,
        "top": 36.900235,
        "right": 137.860722,
        "bottom": 36.060752,
        "left": 137.422903
    },
    "NPS_daisen": {
        "name": "大山隠岐",
        "size": 3.02,
        "top": 36.36622290590223,
        "right": 133.9720669518606,
        "bottom": 35.09314407254354,
        "left": 132.5589036675264
    },
    "NPS_daisetsuzan": {
        "name": "大雪山",
        "size": 2.29,
        "top": 43.805662,
        "right": 143.314812,
        "bottom": 43.217839,
        "left": 142.559397
    },
    "NPS_fujihakoneizu": {
        "name": "富士箱根伊豆",
        "size": 3.57,
        "top": 35.572259,
        "right": 139.869902,
        "bottom": 33.036272,
        "left": 138.528285
    },
    "NPS_hakusan": {
        "name": "白山",
        "size": 0.42,
        "top": 36.37474962306193,
        "right": 136.8851361782092,
        "bottom": 35.99140366335239,
        "left": 136.5230277555198
    },
    "NPS_iriomoteishigaki": {
        "name": "西表石垣",
        "size": 3.3,
        "top": 24.630266,
        "right": 124.360701,
        "bottom": 24.027582,
        "left": 123.545283
    },
    "NPS_iseshima": {
        "name": "伊勢志摩",
        "size": 1.93,
        "top": 34.559794,
        "right": 136.998858,
        "bottom": 34.210557,
        "left": 136.436207
    },
    "NPS_joshinetsu": {
        "name": "上信越高原",
        "size": 2.09,
        "top": 36.986518,
        "right": 138.998046,
        "bottom": 36.336468,
        "left": 137.943154
    },
    "NPS_keramashotou": {
        "name": "慶良間諸島",
        "size": 4.56,
        "top": 26.33018747455019,
        "right": 127.6536603084227,
        "bottom": 26.07341590841694,
        "left": 127.1587624732298
    },
    "NPS_kirishimakinkowan": {
        "name": "霧島錦江湾",
        "size": 1.97,
        "top": 31.997441,
        "right": 130.990586,
        "bottom": 30.981693,
        "left": 130.495625
    },
    "NPS_kushiro": {
        "name": "釧路湿原",
        "size": 1.01,
        "top": 43.257795,
        "right": 144.618063,
        "bottom": 43.014008,
        "left": 144.294261
    },
    "NPS_nikkou": {
        "name": "日光",
        "size": 1.57,
        "top": 37.217768,
        "right": 140.089067,
        "bottom": 36.645629,
        "left": 139.29068
    },
    "NPS_nishikai": {
        "name": "西海",
        "size": 15.35,
        "top": 33.454399,
        "right": 129.764118,
        "bottom": 32.575688,
        "left": 128.578548
    },
    "NPS_ogasawara": {
        "name": "小笠原",
        "size": 9.92,
        "top": 27.270134,
        "right": 142.299881,
        "bottom": 25.400859,
        "left": 140.852224
    },
    "NPS_oze": {
        "name": "尾瀬",
        "size": 0.39,
        "top": 37.094266,
        "right": 139.50465,
        "bottom": 36.839636,
        "left": 139.153167
    },
    "NPS_rishirirebun": {
        "name": "利尻礼文サロベツ",
        "size": 0.48,
        "top": 45.488892,
        "right": 141.742291,
        "bottom": 44.898649,
        "left": 140.949618
    },
    "NPS_saninkaigan": {
        "name": "山陰海岸",
        "size": 23.17,
        "top": 35.74053958103639,
        "right": 135.0276831384999,
        "bottom": 35.53216446652368,
        "left": 134.159301502145
    },
    "NPS_sanrikufukkou": {
        "name": "三陸復興",
        "size": 7.79,
        "top": 40.5192243320683,
        "right": 142.0369168124584,
        "bottom": 38.80951078676914,
        "left": 141.5404340518334
    },
    "NPS_setonaikai": {
        "name": "瀬戸内海",
        "size": 7.58,
        "top": 34.811728,
        "right": 135.324648,
        "bottom": 33.244139,
        "left": 130.953767
    },
    "NPS_shikotsutouya": {
        "name": "支笏洞爺",
        "size": 1.24,
        "top": 43.016698,
        "right": 141.458706,
        "bottom": 42.470162,
        "left": 140.729738
    },
    "NPS_shiretoko": {
        "name": "知床",
        "size": 0.59,
        "top": 44.374063,
        "right": 145.404721,
        "bottom": 43.980186,
        "left": 144.978109
    },
    "NPS_southalps": {
        "name": "南アルプス",
        "size": 0.59,
        "top": 35.81035,
        "right": 138.342291,
        "bottom": 35.324635,
        "left": 138.078965
    },
    "NPS_towadahatimantai": {
        "name": "十和田八幡平",
        "size": 1.35,
        "top": 40.727308,
        "right": 141.053086,
        "bottom": 39.707535,
        "left": 140.672983
    },
    "NPS_unzenamakusa": {
        "name": "雲仙天草",
        "size": 2.52,
        "top": 32.830673,
        "right": 130.478324,
        "bottom": 32.133413,
        "left": 129.930598
    },
    "NPS_yakushima": {
        "name": "屋久島",
        "size": 2.04,
        "top": 30.499702,
        "right": 130.680971,
        "bottom": 30.221832,
        "left": 130.132273
    },
    "NPS_yoshinokumano": {
        "name": "吉野熊野",
        "size": 2.28,
        "top": 34.386564,
        "right": 136.315076,
        "bottom": 33.424588,
        "left": 135.706063
    }
}
